Data_Realizzazione;Stato;ID;ID_Gestore
2011-05-10;REALIZZATO;1003779530;4
2011-05-31;REALIZZATO;1003829660;5
2011-05-31;REALIZZATO;1012736946;6
2011-05-31;REALIZZATO;1012737043;7
2011-05-31;REALIZZATO;1012737096;8
2011-05-31;REALIZZATO;1012737253;9
2011-05-31;REALIZZATO;1012737369;10
2011-06-01;REALIZZATO;1027852591;1
2011-06-01;REALIZZATO;1028027984;2
2011-06-01;REALIZZATO;1028028134;3
2011-06-01;REALIZZATO;1035910080;4
2011-06-01;REALIZZATO;1066388684;5
2011-06-01;REALIZZATO;1069316388;6
2011-06-06;REALIZZATO;1081064296;7
2011-06-06;REALIZZATO;1082956068;8
2011-06-06;REALIZZATO;1088229252;9
2011-06-06;REALIZZATO;1104322847;10
2011-06-06;REALIZZATO;1115718309;1
2011-06-06;REALIZZATO;1115719102;2
2011-06-08;REALIZZATO;1118994830;3
2011-06-08;REALIZZATO;1120550590;4
2011-06-08;REALIZZATO;1127231225;5
2011-06-08;REALIZZATO;1127768035;6
2011-06-08;DA REALIZZARE;1132753331;7
2011-06-08;DA REALIZZARE;1133966461;8
2011-06-20;DA REALIZZARE;1137476132;9
2011-06-20;DA REALIZZARE;1137743770;10
2011-06-20;DA REALIZZARE;1141155323;1
2011-06-21;DA REALIZZARE;1141186993;2
2011-06-21;REALIZZATO;1141187102;3
2011-06-21;REALIZZATO;1141187110;4
2011-06-21;REALIZZATO;1141190207;5
2011-06-21;REALIZZATO;1141190209;6
2011-06-21;REALIZZATO;1141190210;7
2011-06-23;REALIZZATO;1141190222;8
2011-06-23;REALIZZATO;1141190223;9
2011-06-23;REALIZZATO;1141190225;10
2011-06-23;REALIZZATO;1141190227;1
2011-06-23;REALIZZATO;1141190228;2
2011-06-23;REALIZZATO;1141190230;3
2011-06-27;REALIZZATO;1141190231;4
2011-06-27;REALIZZATO;1144130424;5
2011-06-27;REALIZZATO;1145450835;6
2011-06-27;REALIZZATO;1145588508;7
2011-06-27;REALIZZATO;1149312967;8
2011-06-27;REALIZZATO;1149313854;9
2011-06-28;REALIZZATO;1152632822;10
2011-06-28;REALIZZATO;1153797444;1
2011-06-28;REALIZZATO;1154169175;2
2011-06-28;REALIZZATO;1164714016;3
2011-06-28;REALIZZATO;1171034594;4
2011-06-28;REALIZZATO;1173064525;5
2011-06-28;REALIZZATO;1174511203;6
2011-06-28;REALIZZATO;1175566488;7
2011-06-28;REALIZZATO;1177545002;8
2011-06-28;REALIZZATO;1177545012;9
2011-06-28;REALIZZATO;1177704832;10
2011-06-28;REALIZZATO;1177710010;1
2011-06-29;REALIZZATO;1177710024;2
2011-06-29;REALIZZATO;1177710028;3
2011-06-29;REALIZZATO;1177710033;4
2011-06-29;REALIZZATO;1177710038;5
2011-06-29;REALIZZATO;1177715740;6
2011-06-29;REALIZZATO;1177715742;7
2011-06-29;REALIZZATO;1177715764;8
2011-07-06;REALIZZATO;1177715773;9
2011-07-06;REALIZZATO;1177715779;10
2011-07-06;REALIZZATO;1177715785;1
2011-07-06;REALIZZATO;1177715789;2
2011-07-06;REALIZZATO;1177715811;3
2011-07-06;REALIZZATO;1177715816;4
2011-07-06;REALIZZATO;1177715820;5
2011-07-06;REALIZZATO;1177715824;6
2011-07-06;REALIZZATO;1177715846;7
2011-07-06;REALIZZATO;1181010647;8
2011-07-06;REALIZZATO;1187016499;9
2011-07-06;REALIZZATO;1187016500;10
2011-07-06;REALIZZATO;1187016501;1
2011-07-06;REALIZZATO;1187016502;2
2011-07-06;REALIZZATO;1187016503;3
2011-07-06;REALIZZATO;1187016504;4
2011-07-06;REALIZZATO;1187016505;5
2011-07-06;REALIZZATO;1187016506;6
2011-07-11;REALIZZATO;1187016507;7
2011-07-11;REALIZZATO;1187016508;8
2011-08-12;REALIZZATO;1187020951;9
2011-08-12;REALIZZATO;1187020971;10
2011-08-12;REALIZZATO;1187020977;1
2011-08-17;REALIZZATO;1187020990;2
2011-08-17;REALIZZATO;1187021020;3
2011-08-17;REALIZZATO;1187021027;4
2011-08-17;REALIZZATO;1187021054;5
2011-08-17;REALIZZATO;1187021056;6
2011-08-17;REALIZZATO;1187021065;7
2011-08-22;REALIZZATO;1187021099;8
2011-08-22;REALIZZATO;1187021122;9
2011-08-22;REALIZZATO;1187026471;10
2011-08-22;REALIZZATO;1187026492;1
2011-08-22;REALIZZATO;1187026528;2
2011-08-22;REALIZZATO;1192444133;3
2011-08-22;REALIZZATO;1192444135;4
2011-08-22;REALIZZATO;1194647970;5
2011-08-22;REALIZZATO;1207049385;6
2011-08-22;REALIZZATO;1207257660;7
2011-08-22;REALIZZATO;1207257702;8
2011-08-22;REALIZZATO;1210312847;9
2011-09-12;REALIZZATO;1212454988;10
2011-09-12;REALIZZATO;1212713207;1
2011-09-12;REALIZZATO;1213750379;2
2011-09-13;REALIZZATO;1213814519;3
2011-09-13;REALIZZATO;1213814544;4
2011-09-13;REALIZZATO;1213814633;5
2011-09-13;REALIZZATO;1213814656;6
2011-09-13;REALIZZATO;1213832520;7
2011-09-13;REALIZZATO;1213832538;8
2011-09-15;REALIZZATO;1214083488;9
2011-09-15;REALIZZATO;1214777622;10
2011-09-15;REALIZZATO;1215889882;1
2011-09-15;REALIZZATO;1215889889;2
2011-09-15;REALIZZATO;1215889894;3
2011-09-15;REALIZZATO;1215889905;4
2011-09-16;REALIZZATO;1215889908;5
2011-09-16;REALIZZATO;1215905794;6
2011-09-16;REALIZZATO;1215905829;7
2011-09-16;REALIZZATO;1215905854;8
2011-09-16;REALIZZATO;1215905906;9
2011-09-16;REALIZZATO;1215917139;10
2011-09-20;REALIZZATO;1215917239;1
2011-09-20;REALIZZATO;1215917593;2
2011-09-20;REALIZZATO;1215917647;3
2011-09-20;REALIZZATO;1215917700;4
2011-09-20;REALIZZATO;1215918322;5
2011-09-20;REALIZZATO;1218891003;6
2011-09-20;REALIZZATO;1222788421;7
2011-09-20;REALIZZATO;1222788425;8
2011-09-20;REALIZZATO;1222788426;9
2011-09-23;REALIZZATO;1222788428;10
2011-09-23;REALIZZATO;1223255037;1
2011-09-23;REALIZZATO;1224552838;2
2011-09-23;REALIZZATO;1224552839;3
2011-09-23;REALIZZATO;1224552840;4
2011-09-23;REALIZZATO;1225939163;5
2011-09-26;REALIZZATO;1226430790;6
2011-09-26;REALIZZATO;1226777297;7
2011-09-26;REALIZZATO;1226967497;8
2011-09-26;REALIZZATO;1230541921;9
2011-09-26;REALIZZATO;1232776492;10
2011-09-26;REALIZZATO;1233264333;1
2011-09-26;REALIZZATO;1233444270;2
2011-09-26;REALIZZATO;1233645683;3
2011-09-26;REALIZZATO;1234664640;4
2011-09-26;REALIZZATO;1234664673;5
2011-09-26;REALIZZATO;1234664690;6
2011-09-26;REALIZZATO;1234664731;7
2011-09-28;REALIZZATO;1234726953;8
2011-09-28;REALIZZATO;1234817519;9
2011-09-28;REALIZZATO;1236409523;10
2011-09-28;REALIZZATO;1240328530;1
2011-09-28;REALIZZATO;1240328633;2
2011-09-28;REALIZZATO;1240402206;3
2011-09-29;REALIZZATO;1241032305;4
2011-09-29;REALIZZATO;1241328394;5
2011-09-29;REALIZZATO;1243008463;6
2011-09-29;REALIZZATO;1243414310;7
2011-09-29;REALIZZATO;1247313075;8
2011-09-29;REALIZZATO;1247313079;9
2011-09-29;REALIZZATO;1247313081;10
2011-09-29;REALIZZATO;1247313086;1
2011-09-29;REALIZZATO;1247313095;2
2011-09-29;REALIZZATO;1247313100;3
2011-09-29;REALIZZATO;1247313102;4
2011-10-03;REALIZZATO;1247313110;5
2011-10-03;REALIZZATO;1247313116;6
2011-10-03;REALIZZATO;1247313132;7
2011-10-03;REALIZZATO;1247313138;8
2011-10-03;REALIZZATO;1249011865;9
2011-10-03;REALIZZATO;1250141764;10
2011-10-05;REALIZZATO;1253080274;1
2011-10-05;REALIZZATO;1253080377;2
2011-10-05;REALIZZATO;1255493573;3
2011-10-05;REALIZZATO;1255493589;4
2011-10-11;REALIZZATO;1255493597;5
2012-01-27;REALIZZATO;1260272382;6
2012-01-27;REALIZZATO;1266346387;7
2012-01-27;REALIZZATO;1271863324;8
2012-01-30;REALIZZATO;1274173559;9
2012-01-30;REALIZZATO;1274173622;10
2012-01-30;REALIZZATO;1274173645;1
2012-01-30;REALIZZATO;1274173669;2
2012-01-30;REALIZZATO;1275702581;3
2012-01-30;REALIZZATO;1277545603;4
2012-02-02;REALIZZATO;1278592830;5
2012-02-02;REALIZZATO;1280526732;6
2012-02-02;REALIZZATO;1286802567;7
2012-02-02;REALIZZATO;1286815308;8
2012-02-02;REALIZZATO;1288392469;9
2012-02-02;REALIZZATO;1289500238;10
2012-02-03;REALIZZATO;1290497672;1
2012-02-06;REALIZZATO;1292036145;2
2012-02-06;REALIZZATO;1296082031;3
2012-02-06;REALIZZATO;1296082069;4
2012-02-06;REALIZZATO;1296082174;5
2012-02-06;REALIZZATO;1296082230;6
2012-02-06;REALIZZATO;1296085793;7
2012-02-07;REALIZZATO;1296085969;8
2012-02-07;REALIZZATO;1297538123;9
2012-02-07;REALIZZATO;1298216457;10
2012-02-07;REALIZZATO;1298233932;1
2012-02-07;REALIZZATO;1299426855;2
2012-02-07;REALIZZATO;1301804168;3
2012-02-07;REALIZZATO;1302113729;4
2012-02-07;DA REALIZZARE;1302113738;5
2012-02-07;DA REALIZZARE;1304225738;6
2012-02-13;DA REALIZZARE;1305127699;7
2012-02-13;DA REALIZZARE;1311008776;8
2012-02-13;DA REALIZZARE;1311051301;9
2012-02-13;DA REALIZZARE;1311051303;10
2012-02-13;REALIZZATO;1313267400;1
2012-02-13;REALIZZATO;1313267401;2
2012-02-19;REALIZZATO;1313276881;3
2012-02-22;REALIZZATO;1313315695;4
2012-02-22;REALIZZATO;1313365540;5
2012-02-22;REALIZZATO;1315971364;6
2012-02-23;REALIZZATO;1316915001;7
2012-02-23;REALIZZATO;1319053347;8
2012-02-23;REALIZZATO;1319852322;9
2012-02-23;REALIZZATO;1319852328;10
2012-02-23;REALIZZATO;1319852329;1
2012-02-23;REALIZZATO;1319852333;2
2012-02-23;REALIZZATO;1322783235;3
2012-02-29;REALIZZATO;1322783278;4
2012-02-29;REALIZZATO;1324642961;5
2012-02-29;REALIZZATO;1325493085;6
2012-02-29;REALIZZATO;1329784888;7
2012-02-29;REALIZZATO;1331080179;8
2012-02-29;REALIZZATO;1331582099;9
2012-02-29;REALIZZATO;1331582298;10
2012-02-29;REALIZZATO;1331582668;1
2012-02-29;REALIZZATO;1332533410;2
2012-05-23;REALIZZATO;1333678429;3
2012-05-23;REALIZZATO;1333760737;4
2012-05-23;REALIZZATO;1335549364;5
2012-05-23;REALIZZATO;1335549470;6
2012-05-23;REALIZZATO;1335549505;7
2012-05-23;REALIZZATO;1335549527;8
2012-05-23;REALIZZATO;1335549665;9
2012-05-23;REALIZZATO;1335658265;10
2012-05-23;REALIZZATO;1339110259;1
2012-05-24;REALIZZATO;1340336159;2
2012-05-24;REALIZZATO;1341628367;3
2012-05-24;REALIZZATO;1343658669;4
2012-05-24;REALIZZATO;1343919191;5
2012-05-24;REALIZZATO;1344310975;6
2012-05-24;REALIZZATO;1345803264;7
2012-05-24;REALIZZATO;1346017019;8
2012-05-24;REALIZZATO;1346017118;9
2012-05-24;REALIZZATO;1346017546;10
2012-05-24;REALIZZATO;1349101259;1
2012-05-24;REALIZZATO;1352606805;2
2012-05-24;REALIZZATO;1357005909;3
2012-05-24;REALIZZATO;1362589879;4
2012-05-24;REALIZZATO;1362589880;5
2012-05-24;REALIZZATO;1363427958;6
2012-05-24;REALIZZATO;1364794150;7
2012-05-24;REALIZZATO;1368271115;8
2012-05-24;REALIZZATO;1368271245;9
2012-05-24;REALIZZATO;1368271247;10
2012-05-24;REALIZZATO;1368271406;1
2012-05-24;REALIZZATO;1368271407;2
2012-05-24;REALIZZATO;1369115471;3
2012-05-24;REALIZZATO;1369515652;4
2012-05-24;REALIZZATO;1370000072;5
2012-05-24;REALIZZATO;1370019170;6
2012-05-24;REALIZZATO;1370170480;7
2012-05-24;REALIZZATO;1370507549;8
2012-05-24;REALIZZATO;1370507649;9
2012-05-24;REALIZZATO;1374594561;10
2012-05-24;REALIZZATO;1374595603;1
2012-05-24;REALIZZATO;1375231117;2
2012-05-24;REALIZZATO;1375637311;3
2012-05-24;REALIZZATO;1375637468;4
2012-05-24;REALIZZATO;1379041287;5
2012-05-24;REALIZZATO;1379041294;6
2012-05-24;REALIZZATO;1379041315;7
2012-05-24;REALIZZATO;1379041322;8
2012-05-24;REALIZZATO;1379239337;9
2012-05-24;REALIZZATO;1379239376;10
2012-05-24;REALIZZATO;1379239402;1
2012-05-24;REALIZZATO;1379410931;2
2012-05-24;REALIZZATO;1382826989;3
2012-05-24;REALIZZATO;1382843326;4
2012-05-24;REALIZZATO;1383284069;5
2012-05-24;REALIZZATO;1392042397;6
2012-05-29;REALIZZATO;1392213931;7
2012-05-29;REALIZZATO;1392214005;8
2012-05-29;REALIZZATO;1392854783;9
2012-05-29;REALIZZATO;1396439878;10
2012-05-29;REALIZZATO;1398910030;1
2012-05-29;REALIZZATO;1399047682;2
2012-05-29;REALIZZATO;1399047692;3
2012-05-29;REALIZZATO;1401607734;4
2012-05-29;REALIZZATO;1401717599;5
2012-05-30;REALIZZATO;1407242463;6
2012-05-30;REALIZZATO;1411548220;7
2012-05-30;REALIZZATO;1411548223;8
2012-05-30;REALIZZATO;1411548224;9
2012-05-30;REALIZZATO;1411548225;10
2012-05-30;REALIZZATO;1411548226;1
2012-05-30;REALIZZATO;1411548227;2
2012-05-30;REALIZZATO;1411548228;3
2012-05-30;REALIZZATO;1415038732;4
2012-06-01;REALIZZATO;1415113421;5
2012-06-01;REALIZZATO;1418832440;6
2012-06-01;REALIZZATO;1418891021;7
2012-06-01;REALIZZATO;1420161549;8
2012-06-01;REALIZZATO;1420176119;9
2012-06-01;REALIZZATO;1420742690;10
2012-06-01;REALIZZATO;1421008021;1
2012-06-01;REALIZZATO;1423066365;2
2012-06-01;REALIZZATO;1423066480;3
2012-06-01;REALIZZATO;1425035205;4
2012-06-01;REALIZZATO;1431168166;5
2012-06-01;REALIZZATO;1431168174;6
2012-06-01;REALIZZATO;1431168222;7
2012-06-01;REALIZZATO;1431168234;8
2012-06-01;REALIZZATO;1434808658;9
2012-06-01;REALIZZATO;1435669407;10
2012-06-01;REALIZZATO;1438189088;1
2012-06-01;REALIZZATO;1438725769;2
2012-06-11;REALIZZATO;1438873498;3
2012-06-11;REALIZZATO;1438873509;4
2012-06-11;REALIZZATO;1445252828;5
2012-06-11;REALIZZATO;1447548273;6
2012-06-11;REALIZZATO;1448489142;7
2012-06-11;REALIZZATO;1448489164;8
2012-06-11;REALIZZATO;1448489181;9
2012-06-11;REALIZZATO;1448489184;10
2012-06-11;REALIZZATO;1452907107;1
2012-06-15;REALIZZATO;1453837761;2
2012-06-15;REALIZZATO;1454335312;3
2012-06-15;REALIZZATO;1457078677;4
2012-06-15;REALIZZATO;1459776879;5
2012-06-15;REALIZZATO;1459781387;6
2012-06-15;REALIZZATO;1459792770;7
2012-06-15;REALIZZATO;1460121864;8
2012-06-15;REALIZZATO;1461822680;9
2012-06-15;REALIZZATO;1461822715;10
2012-06-21;REALIZZATO;1467621371;1
2012-06-21;REALIZZATO;1472204665;2
2012-06-21;REALIZZATO;1473107188;3
2012-06-21;REALIZZATO;1481719569;4
2012-06-21;REALIZZATO;1481719572;5
2012-06-21;REALIZZATO;1483529750;6
2012-06-21;REALIZZATO;1483529751;7
2012-06-21;REALIZZATO;1483529752;8
2012-06-21;REALIZZATO;1483991687;9
2012-06-21;REALIZZATO;1488307420;10
2012-06-21;REALIZZATO;1490239602;1
2012-06-21;REALIZZATO;1496513604;2
2012-06-21;REALIZZATO;1496515367;3
2012-06-21;REALIZZATO;1496515368;4
2012-06-21;REALIZZATO;1500366230;5
2012-06-21;REALIZZATO;1500529599;6
2012-06-21;REALIZZATO;1500730537;7
2012-06-21;REALIZZATO;1503327621;8
2012-06-26;REALIZZATO;1504612701;9
2012-06-26;REALIZZATO;1506426671;10
2012-06-26;REALIZZATO;1506426686;1
2012-06-26;REALIZZATO;1506459560;2
2012-06-26;REALIZZATO;1507568292;3
2012-06-26;REALIZZATO;1507572098;4
2012-06-26;REALIZZATO;1507602264;5
2012-06-26;REALIZZATO;1523509487;6
2012-06-26;REALIZZATO;1525438703;7
2012-07-04;REALIZZATO;1528705756;8
2012-07-04;REALIZZATO;1528718405;9
2012-07-04;REALIZZATO;1529223790;10
2012-07-04;REALIZZATO;1537336890;1
2012-07-04;REALIZZATO;1537337043;2
2012-07-04;REALIZZATO;1537337051;3
2012-07-04;REALIZZATO;1537337078;4
2012-07-04;REALIZZATO;1537337110;5
2012-07-04;REALIZZATO;1547381901;6
2012-07-09;REALIZZATO;1550644125;7
2012-07-09;REALIZZATO;1550697921;8
2012-07-09;REALIZZATO;1554501486;9
2012-07-09;DA REALIZZARE;1554501551;10
2012-07-09;DA REALIZZARE;1555734832;1
2012-07-09;DA REALIZZARE;1555734852;2
2012-07-09;DA REALIZZARE;1555734863;3
2012-09-28;DA REALIZZARE;1555734872;4
2012-09-28;DA REALIZZARE;1555734879;5
2012-09-28;DA REALIZZARE;1555734891;6
2012-09-28;DA REALIZZARE;1555734923;7
2012-09-28;DA REALIZZARE;1555734980;8
2012-09-28;DA REALIZZARE;1555735048;9
2012-09-28;DA REALIZZARE;1555735060;10
2012-10-01;DA REALIZZARE;1555735133;1
2012-10-01;DA REALIZZARE;1555735154;2
2012-10-01;DA REALIZZARE;1555735180;3
2012-10-01;DA REALIZZARE;1555735191;4
2012-10-01;DA REALIZZARE;1555735198;5
2012-10-01;DA REALIZZARE;1555735207;6
2012-10-05;DA REALIZZARE;1555735236;7
2012-10-05;DA REALIZZARE;1555735252;8
2012-10-05;DA REALIZZARE;1555735296;9
2012-10-05;DA REALIZZARE;1562266126;10
2012-10-05;DA REALIZZARE;1566280538;1
2012-10-05;DA REALIZZARE;1571330500;2
2012-10-05;DA REALIZZARE;1571443798;3
2012-10-05;DA REALIZZARE;1572454488;4
2012-10-05;DA REALIZZARE;1572497975;5
2012-10-05;DA REALIZZARE;1573786194;6
2012-10-05;DA REALIZZARE;1573786639;7
2012-10-05;DA REALIZZARE;1576944814;8
2012-10-08;DA REALIZZARE;1576957964;9
2012-10-08;DA REALIZZARE;1579291900;10
2012-10-08;DA REALIZZARE;1579317878;1
2012-10-08;DA REALIZZARE;1580625955;2
2012-10-08;DA REALIZZARE;1582867689;3
2012-10-08;REALIZZATO;1582869515;4
2012-10-08;REALIZZATO;1583003522;5
2012-10-08;REALIZZATO;1583293720;6
2012-10-08;REALIZZATO;1584143404;7
2012-10-08;REALIZZATO;1586034707;8
2012-10-08;REALIZZATO;1589653989;9
2012-10-08;REALIZZATO;1590117598;10
2012-10-08;REALIZZATO;1591345714;1
2012-10-08;REALIZZATO;1591345719;2
2012-10-08;REALIZZATO;1592362329;3
2012-10-08;REALIZZATO;1595616381;4
2012-10-08;REALIZZATO;1596078009;5
2012-10-08;REALIZZATO;1596116618;6
2012-10-08;REALIZZATO;1596117863;7
2012-10-08;REALIZZATO;1596159551;8
2012-10-08;REALIZZATO;1596161053;9
2012-10-08;REALIZZATO;1597393977;10
2012-10-08;REALIZZATO;1599407944;1
2012-10-08;REALIZZATO;1599407958;2
2012-10-08;REALIZZATO;1599422855;3
2012-10-08;REALIZZATO;1599422857;4
2012-10-08;REALIZZATO;1599422860;5
2012-10-08;REALIZZATO;1599435455;6
2012-10-08;REALIZZATO;1599445275;7
2012-10-08;REALIZZATO;1599517007;8
2012-10-08;REALIZZATO;1600435057;9
2012-10-08;REALIZZATO;1600449098;10
2012-10-08;REALIZZATO;1600767162;1
2012-10-08;REALIZZATO;1602055004;2
2012-10-08;REALIZZATO;1602055008;3
2012-10-08;REALIZZATO;1602055013;4
2012-10-11;REALIZZATO;1602055017;5
2012-10-11;REALIZZATO;1602055018;6
2012-10-11;REALIZZATO;1602055019;7
2012-10-11;REALIZZATO;1602055023;8
2012-10-11;REALIZZATO;1602055030;9
2012-10-11;REALIZZATO;1602055033;10
2012-10-11;REALIZZATO;1602055039;1
2012-10-11;REALIZZATO;1602055044;2
2012-10-11;REALIZZATO;1602055050;3
2012-10-11;REALIZZATO;1602055056;4
2012-10-11;REALIZZATO;1602055061;5
2012-10-11;REALIZZATO;1602099323;6
2012-10-12;REALIZZATO;1602176099;7
2012-10-12;DA REALIZZARE;1605247097;8
2012-10-12;DA REALIZZARE;1605247101;9
2012-10-12;DA REALIZZARE;1605247107;10
2012-10-12;DA REALIZZARE;1605247113;1
2012-10-12;DA REALIZZARE;1605304159;2
2012-10-15;DA REALIZZARE;1605338554;3
2012-10-15;DA REALIZZARE;1605535758;4
2012-10-15;DA REALIZZARE;1605535759;5
2012-10-15;DA REALIZZARE;1605535760;6
2012-10-15;DA REALIZZARE;1605535761;7
2012-10-15;DA REALIZZARE;1605535762;8
2012-10-15;DA REALIZZARE;1605535763;9
2012-10-15;REALIZZATO;1605535764;10
2012-10-15;REALIZZATO;1605535766;1
2012-10-15;REALIZZATO;1605535767;2
2012-10-15;REALIZZATO;1605535768;3
2012-10-15;REALIZZATO;1605535769;4
2012-10-15;REALIZZATO;1605535770;5
2012-10-15;REALIZZATO;1605535771;6
2012-10-15;REALIZZATO;1605535772;7
2012-10-15;REALIZZATO;1605535773;8
2012-10-15;REALIZZATO;1605535774;9
2012-10-15;REALIZZATO;1605535775;10
2012-10-16;DA REALIZZARE;1605535776;1
2012-10-16;DA REALIZZARE;1605535782;2
2012-10-16;DA REALIZZARE;1605535783;3
2012-10-16;DA REALIZZARE;1605535784;4
2012-10-16;DA REALIZZARE;1605535787;5
2012-10-16;REALIZZATO;1605535790;6
2012-10-16;REALIZZATO;1605535794;7
2012-10-16;REALIZZATO;1605535797;8
2012-10-16;REALIZZATO;1605535799;9
2012-10-19;REALIZZATO;1605535801;10
2012-10-19;REALIZZATO;1605535803;1
2012-10-19;REALIZZATO;1605535810;2
2012-10-19;REALIZZATO;1605535813;3
2012-10-19;REALIZZATO;1606704925;4
2012-10-19;REALIZZATO;1606748091;5
2012-10-19;REALIZZATO;1607939646;6
2012-10-22;REALIZZATO;1609985538;7
2012-10-22;REALIZZATO;1610713296;8
2012-10-22;REALIZZATO;1611019802;9
2012-10-22;REALIZZATO;1611555759;10
2012-10-22;REALIZZATO;1613549418;1
2012-10-22;REALIZZATO;1617213627;2
2012-10-22;REALIZZATO;1617213895;3
2012-10-22;REALIZZATO;1617213906;4
2012-10-22;REALIZZATO;1617213913;5
2012-10-22;REALIZZATO;1617641109;6
2012-10-22;REALIZZATO;1617880720;7
2012-10-22;REALIZZATO;1617880740;8
2012-10-22;REALIZZATO;1618035650;9
2012-10-22;DA REALIZZARE;1618035688;10
2012-10-22;DA REALIZZARE;1622020704;1
2012-10-22;DA REALIZZARE;1623502617;2
2012-10-22;DA REALIZZARE;1627697395;3
2012-10-22;DA REALIZZARE;1627697400;4
2012-10-22;DA REALIZZARE;1627697403;5
2012-10-22;DA REALIZZARE;1627744611;6
2012-10-22;DA REALIZZARE;1634703491;7
2012-10-23;REALIZZATO;1636840624;8
2012-10-23;REALIZZATO;1640057922;9
2012-10-23;REALIZZATO;1641022749;10
2012-10-23;REALIZZATO;1642019568;1
2012-10-23;REALIZZATO;1653482541;2
2012-10-23;REALIZZATO;1653529595;3
2012-10-23;REALIZZATO;1655379485;4
2012-10-23;REALIZZATO;1657321704;5
2012-10-23;REALIZZATO;1657896452;6
2012-10-23;REALIZZATO;1657896453;7
2012-10-23;REALIZZATO;1659196383;8
2012-10-23;REALIZZATO;1659407024;9
2012-10-26;REALIZZATO;1659407083;10
2012-10-26;REALIZZATO;1659589204;1
2012-10-26;REALIZZATO;1659830994;2
2012-10-26;REALIZZATO;1664296100;3
2012-10-26;REALIZZATO;1665246571;4
2012-10-26;REALIZZATO;1665351582;5
2012-10-26;REALIZZATO;1666243969;6
2012-10-26;REALIZZATO;1666708167;7
2012-10-26;REALIZZATO;1668705262;8
2012-10-26;REALIZZATO;1668738439;9
2012-10-26;REALIZZATO;1668738440;10
2012-10-26;REALIZZATO;1671249929;1
2012-10-26;REALIZZATO;1672836494;2
2012-10-26;REALIZZATO;1674921836;3
2012-10-26;REALIZZATO;1674922357;4
2012-10-26;REALIZZATO;1675067613;5
2012-10-26;REALIZZATO;1675067631;6
2012-10-26;REALIZZATO;1675067632;7
2012-10-31;DA REALIZZARE;1675067633;8
2012-10-31;DA REALIZZARE;1675067637;9
2012-10-31;DA REALIZZARE;1675067639;10
2012-10-31;DA REALIZZARE;1675067647;1
2012-10-31;DA REALIZZARE;1675067648;2
2012-10-31;DA REALIZZARE;1675067649;3
2012-10-31;DA REALIZZARE;1675067650;4
2012-10-31;DA REALIZZARE;1675067652;5
2012-10-31;REALIZZATO;1675159430;6
2012-10-31;REALIZZATO;1675539211;7
2012-10-31;REALIZZATO;1675539212;8
2012-10-31;REALIZZATO;1675539213;9
2012-10-31;REALIZZATO;1675539225;10
2012-10-31;REALIZZATO;1675539228;1
2012-10-31;REALIZZATO;1675545077;2
2012-10-31;REALIZZATO;1675545084;3
2012-10-31;REALIZZATO;1675545085;4
2012-10-31;REALIZZATO;1675545086;5
2012-11-07;REALIZZATO;1675545087;6
2012-11-07;REALIZZATO;1675545088;7
2012-11-07;REALIZZATO;1675545090;8
2012-11-07;REALIZZATO;1677779265;9
2012-11-07;REALIZZATO;1679375559;10
2012-11-07;REALIZZATO;1680109008;1
2012-11-07;REALIZZATO;1680109017;2
2012-11-07;REALIZZATO;1687033822;3
2012-11-09;REALIZZATO;1687471689;4
2012-11-09;REALIZZATO;1689136988;5
2012-11-09;REALIZZATO;1691678256;6
2012-11-19;REALIZZATO;1691783894;7
2012-11-19;REALIZZATO;1692096595;8
2012-11-19;REALIZZATO;1693911309;9
2012-11-19;REALIZZATO;1694604568;10
2012-11-19;REALIZZATO;1694972814;1
2012-11-19;REALIZZATO;1694972853;2
2012-11-19;DA REALIZZARE;1698208196;3
2012-11-19;DA REALIZZARE;1701332595;4
2012-11-19;DA REALIZZARE;1701332595;5
2012-11-19;DA REALIZZARE;1701671003;6
2012-11-19;DA REALIZZARE;1701671003;7
2012-11-19;DA REALIZZARE;1702869653;8
2012-11-19;DA REALIZZARE;1702869659;9
2012-11-19;DA REALIZZARE;1703013243;10
2012-11-19;DA REALIZZARE;1703013246;1
2012-11-19;DA REALIZZARE;1703013250;2
2012-11-19;DA REALIZZARE;1703013254;3
2012-11-19;DA REALIZZARE;1703044581;4
2012-11-30;DA REALIZZARE;1703044584;5
2012-11-30;REALIZZATO;1703044588;6
2012-11-30;REALIZZATO;1703044590;7
2012-11-30;REALIZZATO;1703044593;8
2012-11-30;REALIZZATO;1703044596;9
2012-11-30;REALIZZATO;1703435383;10
2012-11-30;REALIZZATO;1703435399;1
2012-11-30;REALIZZATO;1703435425;2
2012-11-30;REALIZZATO;1703435474;3
2012-11-30;DA REALIZZARE;1703435616;4
2012-11-30;DA REALIZZARE;1703435832;5
2012-11-30;DA REALIZZARE;1703435837;6
2012-11-30;DA REALIZZARE;1704726769;7
2012-11-30;DA REALIZZARE;1705814941;8
2012-11-30;DA REALIZZARE;1705815030;9
2012-11-30;DA REALIZZARE;1705815370;10
2012-11-30;DA REALIZZARE;1705815420;1
2012-11-30;DA REALIZZARE;1705815431;2
2012-12-04;DA REALIZZARE;1705815433;3
2012-12-04;DA REALIZZARE;1706520085;4
2012-12-04;DA REALIZZARE;1707393116;5
2012-12-04;DA REALIZZARE;1707704135;6
2013-04-10;DA REALIZZARE;1708647918;7
2013-04-10;DA REALIZZARE;1709180139;8
2013-04-10;DA REALIZZARE;1709180147;9
2013-04-10;REALIZZATO;1709180153;10
2013-04-11;REALIZZATO;1709180155;1
2013-04-11;REALIZZATO;1709180187;2
2013-04-11;REALIZZATO;1709180191;3
2013-04-11;REALIZZATO;1709180196;4
2013-04-11;REALIZZATO;1709180202;5
2013-04-11;REALIZZATO;1710276468;6
2013-04-11;REALIZZATO;1710609015;7
2013-04-11;DA REALIZZARE;1712666857;8
2013-04-11;DA REALIZZARE;1713498573;9
2013-04-11;DA REALIZZARE;1714210039;10
2013-04-11;DA REALIZZARE;1718419707;1
2013-04-11;DA REALIZZARE;1718517803;2
2013-04-11;DA REALIZZARE;1718560841;3
2013-04-11;REALIZZATO;1719067609;4
2013-04-11;REALIZZATO;1721214131;5
2013-04-12;REALIZZATO;1721214235;6
2013-04-12;REALIZZATO;1723398922;7
2013-04-12;REALIZZATO;1723399837;8
2013-04-12;REALIZZATO;1726381867;9
2013-04-12;REALIZZATO;1726648919;10
2013-04-12;REALIZZATO;1727019986;1
2013-04-12;REALIZZATO;1727880245;2
2013-04-12;REALIZZATO;1728533021;3
2013-04-12;REALIZZATO;1728954941;4
2013-04-15;REALIZZATO;1728974475;5
2013-04-15;REALIZZATO;1728974497;6
2013-04-15;REALIZZATO;1729237373;7
2013-04-15;REALIZZATO;1733045752;8
2013-04-15;REALIZZATO;1735123553;9
2013-04-15;DA REALIZZARE;1735793441;10
2013-04-15;DA REALIZZARE;1736166587;1
2013-04-15;DA REALIZZARE;1736652076;2
2013-04-15;DA REALIZZARE;1736726398;3
2013-04-15;DA REALIZZARE;1736735990;4
2013-04-15;DA REALIZZARE;1736971038;5
2013-04-15;DA REALIZZARE;1737155046;6
2013-04-15;DA REALIZZARE;1737437145;7
2013-04-15;DA REALIZZARE;1737549146;8
2013-04-15;DA REALIZZARE;1737677776;9
2013-04-15;DA REALIZZARE;1737724334;10
2013-04-15;DA REALIZZARE;1737737719;1
2013-04-15;DA REALIZZARE;1737737720;2
2013-04-15;DA REALIZZARE;1737737721;3
2013-04-15;REALIZZATO;1737742183;4
2013-04-15;REALIZZATO;1737756775;5
2013-04-15;REALIZZATO;1738041227;6
2013-04-15;REALIZZATO;1738059768;7
2013-04-15;REALIZZATO;1738059769;8
2013-04-15;REALIZZATO;1738197965;9
2013-04-16;REALIZZATO;1738200549;10
2013-04-16;REALIZZATO;1738240164;1
2013-04-16;REALIZZATO;1738240165;2
2013-04-16;REALIZZATO;1738240734;3
2013-04-16;REALIZZATO;1738902365;4
2013-04-16;REALIZZATO;1738947272;5
2013-04-16;REALIZZATO;1738974839;6
2013-04-16;REALIZZATO;1739016464;7
2013-04-16;REALIZZATO;1739200221;8
2013-04-16;REALIZZATO;1739206289;9
2013-04-16;REALIZZATO;1739206290;10
2013-04-16;REALIZZATO;1739287390;1
2013-04-16;REALIZZATO;1740131844;2
2013-04-16;REALIZZATO;1740217971;3
2013-04-16;REALIZZATO;1740229926;4
2013-04-16;REALIZZATO;1740240284;5
2013-04-16;REALIZZATO;1740243807;6
2013-04-16;REALIZZATO;1740734143;7
2013-04-16;REALIZZATO;1740750965;8
2013-04-16;REALIZZATO;1740751055;9
2013-04-16;REALIZZATO;1741874049;10
2013-04-16;REALIZZATO;1741874051;1
2013-04-16;REALIZZATO;1741975956;2
2013-04-16;REALIZZATO;1742581044;3
2013-04-16;REALIZZATO;1743375760;4
2013-04-18;REALIZZATO;1743748331;5
2013-04-18;REALIZZATO;1744351534;6
2013-04-18;REALIZZATO;1745755902;7
2013-04-18;REALIZZATO;1745841741;8
2013-04-18;REALIZZATO;1747586640;9
2013-04-18;REALIZZATO;1747932615;10
2013-04-18;REALIZZATO;1749636989;1
2013-04-18;REALIZZATO;1753685945;2
2013-04-18;REALIZZATO;1753863405;3
2013-04-18;REALIZZATO;1756962063;4
2013-04-18;REALIZZATO;1756978293;5
2013-04-18;REALIZZATO;1759729310;6
2013-04-18;REALIZZATO;1759729322;7
2013-04-18;REALIZZATO;1760417559;8
2013-04-18;REALIZZATO;1760706869;9
2013-04-23;REALIZZATO;1760734656;10
2013-04-23;REALIZZATO;1760780543;1
2013-04-23;REALIZZATO;1761217580;2
2013-04-23;REALIZZATO;1761453959;3
2013-04-23;REALIZZATO;1761493428;4
2013-04-23;REALIZZATO;1762422629;5
2013-04-23;REALIZZATO;1762422630;6
2013-04-23;REALIZZATO;1762422631;7
2013-05-02;REALIZZATO;1762454709;8
2013-05-02;REALIZZATO;1762454710;9
2013-05-02;REALIZZATO;1762520895;10
2013-05-02;REALIZZATO;1762520896;1
2013-05-02;REALIZZATO;1762520897;2
2013-05-06;REALIZZATO;1762520898;3
2013-05-06;REALIZZATO;1762520899;4
2013-05-06;REALIZZATO;1762520902;5
2013-05-06;REALIZZATO;1762520904;6
2013-05-06;REALIZZATO;1762520908;7
2013-05-06;REALIZZATO;1762520922;8
2013-05-06;REALIZZATO;1762520924;9
2013-05-06;REALIZZATO;1762520925;10
2013-05-06;REALIZZATO;1762520926;1
2013-05-06;REALIZZATO;1762520927;2
2013-05-06;REALIZZATO;1762520928;3
2013-05-06;REALIZZATO;1763898488;4
2013-05-06;REALIZZATO;1765118484;5
2013-05-06;REALIZZATO;1765118486;6
2013-05-06;REALIZZATO;1765118487;7
2013-05-06;REALIZZATO;1765118488;8
2013-05-06;REALIZZATO;1765623646;9
2013-05-06;REALIZZATO;1766729924;10
2013-05-06;REALIZZATO;1768195862;1
2013-05-06;REALIZZATO;1768359089;2
2013-05-06;REALIZZATO;1768997031;3
2013-05-06;REALIZZATO;1769168450;4
2013-05-06;REALIZZATO;1770256190;5
2013-05-09;REALIZZATO;1771209426;6
2013-05-09;REALIZZATO;1772346005;7
2013-05-09;REALIZZATO;1774909618;8
2013-05-09;REALIZZATO;1774909639;9
2013-05-09;REALIZZATO;1774915168;10
2013-05-09;REALIZZATO;1774917845;1
2013-05-09;REALIZZATO;1774917847;2
2013-05-09;REALIZZATO;1774921845;3
2013-05-09;REALIZZATO;1774933078;4
2013-05-09;REALIZZATO;1776586347;5
2013-05-09;REALIZZATO;1776958493;6
2013-05-09;REALIZZATO;1777818204;7
2013-05-09;REALIZZATO;1779136150;8
2013-05-09;REALIZZATO;1781441684;9
2013-05-10;REALIZZATO;1782676237;10
2013-05-10;REALIZZATO;1783143662;1
2013-05-10;REALIZZATO;1783143680;2
2013-05-10;REALIZZATO;1783143681;3
2013-05-10;REALIZZATO;1783147645;4
2013-05-10;REALIZZATO;1784124795;5
2013-05-10;REALIZZATO;1784124971;6
2013-05-10;REALIZZATO;1785840514;7
2013-05-10;REALIZZATO;1786938750;8
2013-05-10;REALIZZATO;1787613243;9
2013-05-10;REALIZZATO;1787959866;10
2013-05-10;REALIZZATO;1790502344;1
2013-05-10;REALIZZATO;1791992234;2
2013-05-10;REALIZZATO;1794067267;3
2013-05-10;REALIZZATO;1794126940;4
2013-05-10;REALIZZATO;1795526257;5
2013-05-10;REALIZZATO;1795526393;6
2013-05-10;REALIZZATO;1797947015;7
2013-05-10;REALIZZATO;1797947016;8
2013-05-10;REALIZZATO;1797947017;9
2013-05-10;REALIZZATO;1797947018;10
2013-05-10;REALIZZATO;1797947236;1
2013-05-10;REALIZZATO;1797947515;2
2013-05-10;REALIZZATO;1797968227;3
2013-05-21;REALIZZATO;1799258463;4
2013-05-21;REALIZZATO;1799686892;5
2013-05-23;REALIZZATO;1800180529;6
2013-05-23;REALIZZATO;1800180530;7
2013-05-23;REALIZZATO;1800180531;8
2013-05-23;REALIZZATO;1800180532;9
2013-05-23;REALIZZATO;1800180533;10
2013-05-23;REALIZZATO;1800180534;1
2013-05-23;REALIZZATO;1800180535;2
2013-05-23;REALIZZATO;1800209065;3
2013-05-23;REALIZZATO;1800231299;4
2013-05-23;REALIZZATO;1801311991;5
2013-05-23;REALIZZATO;1801356337;6
2013-05-23;REALIZZATO;1801586969;7
2013-05-23;REALIZZATO;1801653657;8
2013-05-23;REALIZZATO;1802475780;9
2013-05-23;REALIZZATO;1802475781;10
2013-05-24;REALIZZATO;1802475782;1
2013-05-24;REALIZZATO;1802475783;2
2013-05-24;REALIZZATO;1802475784;3
2013-05-24;REALIZZATO;1802475785;4
2013-05-24;REALIZZATO;1802475786;5
2013-05-24;REALIZZATO;1802475787;6
2013-05-27;REALIZZATO;1802475788;7
2013-05-27;REALIZZATO;1802475789;8
2013-05-27;REALIZZATO;1802475790;9
2013-05-27;REALIZZATO;1802475791;10
2013-05-27;REALIZZATO;1802475792;1
2013-05-27;REALIZZATO;1802475793;2
2013-05-27;REALIZZATO;1802475794;3
2013-05-27;REALIZZATO;1802475795;4
2013-05-27;REALIZZATO;1802475796;5
2013-05-27;REALIZZATO;1802475797;6
2013-05-27;REALIZZATO;1802475798;7
2013-05-27;REALIZZATO;1802475799;8
2013-05-27;REALIZZATO;1802475800;9
2013-05-27;REALIZZATO;1802475801;10
2013-05-27;REALIZZATO;1802475802;1
2013-05-27;REALIZZATO;1802475803;2
2013-05-27;REALIZZATO;1802475804;3
2013-05-27;REALIZZATO;1802475805;4
2013-05-28;REALIZZATO;1802475807;5
2013-05-28;REALIZZATO;1802475809;6
2013-05-28;REALIZZATO;1802475812;7
2013-05-28;REALIZZATO;1802475814;8
2013-05-28;DA REALIZZARE;1802475817;9
2013-05-28;DA REALIZZARE;1802475829;10
2013-05-29;DA REALIZZARE;1802475830;1
2013-05-29;DA REALIZZARE;1802475831;2
2013-05-29;DA REALIZZARE;1802475832;3
2013-05-29;DA REALIZZARE;1802475834;4
2013-05-29;DA REALIZZARE;1802475837;5
2013-05-29;REALIZZATO;1802475840;6
2013-05-29;REALIZZATO;1802475852;7
2013-05-29;REALIZZATO;1802475856;8
2013-05-29;REALIZZATO;1802475858;9
2013-05-29;REALIZZATO;1802475859;10
2013-05-29;REALIZZATO;1802475860;1
2013-05-29;REALIZZATO;1802475861;2
2013-05-31;REALIZZATO;1802475863;3
2013-05-31;REALIZZATO;1802475866;4
2013-05-31;REALIZZATO;1802475880;5
2013-05-31;REALIZZATO;1802475884;6
2013-05-31;REALIZZATO;1802475886;7
2013-05-31;REALIZZATO;1802475887;8
2013-05-31;REALIZZATO;1802475888;9
2013-05-31;REALIZZATO;1802475889;10
2013-05-31;REALIZZATO;1802475890;1
2013-05-31;REALIZZATO;1802475893;2
2013-05-31;REALIZZATO;1802475906;3
2013-05-31;REALIZZATO;1802475909;4
2013-05-31;REALIZZATO;1802475912;5
2013-05-31;REALIZZATO;1802475915;6
2013-05-31;REALIZZATO;1802475916;7
2013-05-31;REALIZZATO;1802475917;8
2013-05-31;REALIZZATO;1805687611;9
2013-05-31;REALIZZATO;1808620439;10
2013-05-31;REALIZZATO;1808620441;1
2013-05-31;REALIZZATO;1808620445;2
2013-05-31;REALIZZATO;1809591137;3
2013-05-31;REALIZZATO;1810245687;4
2013-05-31;REALIZZATO;1813544391;5
2013-05-31;REALIZZATO;1814845529;6
2013-05-31;REALIZZATO;1815340210;7
2013-05-31;REALIZZATO;1815398957;8
2013-06-04;REALIZZATO;1815398958;9
2013-06-04;REALIZZATO;1815583048;10
2013-06-04;REALIZZATO;1815583049;1
2013-06-04;REALIZZATO;1815602128;2
2013-06-04;REALIZZATO;1817869162;3
2013-06-04;REALIZZATO;1818308995;4
2013-06-04;REALIZZATO;1818774454;5
2013-06-04;REALIZZATO;1818896097;6
2013-06-04;REALIZZATO;1819125978;7
2013-06-05;REALIZZATO;1820280603;8
2013-06-05;REALIZZATO;1820438277;9
2013-06-05;REALIZZATO;1820451565;10
2013-06-05;REALIZZATO;1820812898;1
2013-06-05;REALIZZATO;1820882145;2
2013-06-05;REALIZZATO;1820886090;3
2013-06-05;REALIZZATO;1820889930;4
2013-06-05;REALIZZATO;1823372068;5
2013-06-05;REALIZZATO;1824092656;6
2013-06-05;REALIZZATO;1824125379;7
2013-06-05;REALIZZATO;1824746848;8
2013-06-05;REALIZZATO;1824746860;9
2013-06-05;REALIZZATO;1825158429;10
2013-06-05;REALIZZATO;1825158430;1
2013-06-05;REALIZZATO;1825158431;2
2013-06-05;REALIZZATO;1825158432;3
2013-06-05;REALIZZATO;1825158433;4
2013-06-05;REALIZZATO;1825158434;5
2013-06-10;REALIZZATO;1825158435;6
2013-06-10;REALIZZATO;1825158436;7
2013-06-10;REALIZZATO;1825158437;8
2013-06-10;REALIZZATO;1825158438;9
2013-06-10;REALIZZATO;1825160085;10
2013-06-10;REALIZZATO;1825160086;1
2013-06-10;REALIZZATO;1825160112;2
2013-06-10;REALIZZATO;1825160123;3
2013-06-10;REALIZZATO;1825160135;4
2013-06-10;REALIZZATO;1825160139;5
2013-06-10;REALIZZATO;1825160140;6
2013-06-10;REALIZZATO;1825160141;7
2013-06-10;REALIZZATO;1825160142;8
2013-06-10;REALIZZATO;1825160144;9
2013-06-10;REALIZZATO;1825169779;10
2013-06-10;REALIZZATO;1825169784;1
2013-06-10;REALIZZATO;1825169785;2
2013-06-10;REALIZZATO;1825171527;3
2013-06-10;REALIZZATO;1825171532;4
2013-06-11;REALIZZATO;1825171536;5
2013-06-11;REALIZZATO;1825171538;6
2013-06-11;REALIZZATO;1825171541;7
2013-06-11;REALIZZATO;1825171544;8
2013-06-11;REALIZZATO;1825171563;9
2013-06-11;REALIZZATO;1825171566;10
2013-06-13;REALIZZATO;1825175636;1
2013-06-13;REALIZZATO;1825177491;2
2013-06-13;REALIZZATO;1825177494;3
2013-06-13;REALIZZATO;1825177497;4
2013-06-13;REALIZZATO;1825178360;5
2013-06-13;REALIZZATO;1825178362;6
2013-06-13;REALIZZATO;1825179130;7
2013-06-13;REALIZZATO;1827008858;8
2013-06-13;REALIZZATO;1827008868;9
2013-06-14;REALIZZATO;1827008874;10
2013-06-14;REALIZZATO;1827008885;1
2013-06-14;REALIZZATO;1827467766;2
2013-06-14;REALIZZATO;1828105659;3
2013-06-14;REALIZZATO;1828105667;4
2013-06-14;REALIZZATO;1831413062;5
2013-06-14;REALIZZATO;1831966763;6
2013-06-14;REALIZZATO;1831966764;7
2013-06-14;REALIZZATO;1831966765;8
2013-06-14;REALIZZATO;1834432315;9
2013-06-14;REALIZZATO;1835088617;10
2013-06-14;REALIZZATO;1835620422;1
2013-06-14;REALIZZATO;1835703414;2
2013-06-14;REALIZZATO;1837078134;3
2013-06-14;REALIZZATO;1837078135;4
2013-06-14;REALIZZATO;1837078136;5
2013-06-14;REALIZZATO;1837078137;6
2013-06-14;REALIZZATO;1837078138;7
2013-06-14;REALIZZATO;1837095756;8
2013-06-14;REALIZZATO;1837095757;9
2013-06-14;REALIZZATO;1837095758;10
2013-06-17;REALIZZATO;1837904982;1
2013-06-17;REALIZZATO;1838228350;2
2013-06-17;REALIZZATO;1838657124;3
2013-06-17;REALIZZATO;1838657155;4
2013-06-17;REALIZZATO;1838657167;5
2013-06-17;REALIZZATO;1838659278;6
2013-06-17;REALIZZATO;1839277513;7
2013-06-17;REALIZZATO;1840577175;8
2013-06-17;REALIZZATO;1844467565;9
2013-06-17;REALIZZATO;1849078304;10
2013-06-17;REALIZZATO;1850005710;1
2013-06-17;REALIZZATO;1850526407;2
2013-06-17;REALIZZATO;1850551925;3
2013-06-17;REALIZZATO;1850876920;4
2013-06-17;REALIZZATO;1851167669;5
2013-06-18;REALIZZATO;1851767575;6
2013-06-18;REALIZZATO;1851767582;7
2013-06-18;REALIZZATO;1851767585;8
2013-06-18;REALIZZATO;1851813085;9
2013-06-18;REALIZZATO;1857978243;10
2013-06-21;REALIZZATO;1860961222;1
2013-06-21;REALIZZATO;1861884136;2
2013-06-21;REALIZZATO;1861884671;3
2013-06-21;REALIZZATO;1863353561;4
2013-06-21;REALIZZATO;1863444590;5
2013-06-21;REALIZZATO;1863680359;6
2013-06-21;REALIZZATO;1863680360;7
2013-06-21;REALIZZATO;1863680361;8
2013-06-21;REALIZZATO;1864286886;9
2013-06-21;REALIZZATO;1864330690;10
2013-06-21;REALIZZATO;1864330713;1
2013-06-21;REALIZZATO;1869150973;2
2013-06-21;REALIZZATO;1870693261;3
2013-06-21;REALIZZATO;1873747021;4
2013-06-21;REALIZZATO;1874495228;5
2013-06-21;REALIZZATO;1878887598;6
2013-06-21;REALIZZATO;1879928238;7
2013-06-21;REALIZZATO;1880463857;8
2013-06-21;REALIZZATO;1881209455;9
2013-06-21;REALIZZATO;1883567738;10
2013-06-21;REALIZZATO;1883567741;1
2013-06-21;REALIZZATO;1883567744;2
